,demand_region2,demand_region4,demand_region5,wind_region2,wind_region5,wind_region6
1980-01-01 00:00:00,-38.92,-62.55,-32.1,0.5948,0.5894,0.0735
1980-01-01 01:00:00,-37.97,-61.06,-30.36,0.5936,0.5771,0.0747
1980-01-01 02:00:00,-38.02,-58.3,-28.62,0.6078,0.6393,0.0747
1980-01-01 03:00:00,-38.86,-57.32,-27.68,0.6226,0.6921,0.0766
1980-01-01 04:00:00,-40.81,-59.19,-26.69,0.6361,0.6882,0.0729
1980-01-01 05:00:00,-45.79,-63.46,-27.46,0.6477,0.6981,0.0666
1980-01-01 06:00:00,-50.99,-67.91,-32.0,0.6536,0.7034,0.0616
1980-01-01 07:00:00,-53.73,-69.92,-37.44,0.6605,0.7018,0.0613
1980-01-01 08:00:00,-55.1,-71.07,-40.58,0.6893,0.7214,0.0675
1980-01-01 09:00:00,-56.4,-71.3,-42.65,0.7084,0.7246,0.0965
1980-01-01 10:00:00,-57.39,-71.37,-43.48,0.7315,0.7797,0.0826
1980-01-01 11:00:00,-56.9,-71.44,-43.9,0.7449,0.8408,0.0895
1980-01-01 12:00:00,-55.72,-69.71,-44.16,0.6997,0.8798,0.0914
1980-01-01 13:00:00,-54.5,-67.63,-43.82,0.634,0.9023,0.0922
1980-01-01 14:00:00,-53.89,-65.65,-43.56,0.5051,0.8831,0.0864
1980-01-01 15:00:00,-54.35,-65.08,-43.81,0.3953,0.8507,0.0678
1980-01-01 16:00:00,-56.79,-67.43,-46.47,0.417,0.8219,0.0212
1980-01-01 17:00:00,-57.58,-71.7,-48.86,0.464,0.7937,0.0323
1980-01-01 18:00:00,-56.15,-72.61,-48.71,0.4636,0.7769,0.0388
1980-01-01 19:00:00,-52.54,-69.31,-46.82,0.4674,0.7519,0.047
1980-01-01 20:00:00,-49.6,-65.98,-44.02,0.4496,0.7081,0.0572
1980-01-01 21:00:00,-47.78,-66.37,-40.49,0.4575,0.6846,0.065
1980-01-01 22:00:00,-44.02,-67.46,-36.63,0.4906,0.6776,0.0766
1980-01-01 23:00:00,-40.9,-64.78,-33.1,0.4838,0.642,0.0926
1980-01-02 00:00:00,-50.15,-69.28,-35.44,0.4629,0.627,0.1144
1980-01-02 01:00:00,-49.2,-67.79,-33.7,0.4565,0.5906,0.1314
1980-01-02 02:00:00,-49.24,-65.03,-31.96,0.4739,0.5523,0.1517
1980-01-02 03:00:00,-50.08,-64.04,-31.02,0.4939,0.5148,0.1604
1980-01-02 04:00:00,-52.03,-65.91,-30.03,0.5072,0.4432,0.1581
1980-01-02 05:00:00,-57.02,-70.18,-30.8,0.5225,0.403,0.1547
1980-01-02 06:00:00,-62.21,-74.64,-35.34,0.5348,0.3797,0.1542
1980-01-02 07:00:00,-64.95,-76.65,-40.78,0.5482,0.3671,0.1612
1980-01-02 08:00:00,-66.33,-77.8,-43.92,0.5199,0.3673,0.1723
1980-01-02 09:00:00,-67.62,-78.02,-45.99,0.5181,0.3783,0.2066
1980-01-02 10:00:00,-68.61,-78.1,-46.82,0.4937,0.4284,0.2196
1980-01-02 11:00:00,-68.13,-78.16,-47.24,0.5026,0.443,0.2199
1980-01-02 12:00:00,-66.95,-76.44,-47.5,0.5225,0.4982,0.209
1980-01-02 13:00:00,-65.73,-74.36,-47.16,0.4898,0.5204,0.1846
1980-01-02 14:00:00,-65.12,-72.37,-46.9,0.3949,0.4902,0.1598
1980-01-02 15:00:00,-65.57,-71.81,-47.15,0.3276,0.4262,0.1326
1980-01-02 16:00:00,-68.01,-74.16,-49.81,0.3439,0.4161,0.1099
1980-01-02 17:00:00,-68.81,-78.43,-52.2,0.3303,0.4462,0.1019
1980-01-02 18:00:00,-67.38,-79.34,-52.05,0.3297,0.4267,0.1064
1980-01-02 19:00:00,-63.77,-76.04,-50.16,0.3618,0.3978,0.1099
1980-01-02 20:00:00,-60.83,-72.7,-47.36,0.4236,0.3731,0.1095
1980-01-02 21:00:00,-59.01,-73.09,-43.83,0.4608,0.3547,0.1081
1980-01-02 22:00:00,-55.25,-74.19,-39.97,0.5048,0.3601,0.1144
1980-01-02 23:00:00,-52.13,-71.51,-36.44,0.5112,0.3702,0.1169
1980-01-03 00:00:00,-51.53,-73.0,-34.12,0.5464,0.431,0.1186
1980-01-03 01:00:00,-50.58,-71.51,-32.38,0.5975,0.5088,0.116
1980-01-03 02:00:00,-50.63,-68.75,-30.64,0.6274,0.569,0.1092
1980-01-03 03:00:00,-51.47,-67.77,-29.71,0.6426,0.6242,0.1107
1980-01-03 04:00:00,-53.41,-69.64,-28.71,0.6597,0.6447,0.1099
1980-01-03 05:00:00,-58.4,-73.9,-29.49,0.6951,0.6745,0.1081
1980-01-03 06:00:00,-63.6,-78.36,-34.02,0.7347,0.7019,0.1057
1980-01-03 07:00:00,-66.34,-80.37,-39.46,0.7649,0.7257,0.1021
1980-01-03 08:00:00,-67.71,-81.52,-42.6,0.8154,0.759,0.1023
1980-01-03 09:00:00,-69.01,-81.75,-44.68,0.8697,0.7899,0.1394
1980-01-03 10:00:00,-70.0,-81.82,-45.51,0.8939,0.8185,0.1409
1980-01-03 11:00:00,-69.51,-81.89,-45.93,0.9304,0.8336,0.1634
1980-01-03 12:00:00,-68.33,-80.16,-46.18,0.9524,0.8568,0.2068
1980-01-03 13:00:00,-67.11,-78.08,-45.85,0.9622,0.8769,0.2223
1980-01-03 14:00:00,-66.5,-76.09,-45.59,0.9601,0.8837,0.2146
1980-01-03 15:00:00,-66.96,-75.53,-45.83,0.9446,0.8798,0.1575
1980-01-03 16:00:00,-69.4,-77.88,-48.49,0.9459,0.8735,0.042
1980-01-03 17:00:00,-70.19,-82.15,-50.88,0.9605,0.8783,0.0436
1980-01-03 18:00:00,-68.76,-83.06,-50.73,0.9679,0.8821,0.0528
1980-01-03 19:00:00,-65.15,-79.76,-48.84,0.9729,0.88,0.0602
1980-01-03 20:00:00,-62.21,-76.42,-46.05,0.9773,0.8764,0.0697
1980-01-03 21:00:00,-60.39,-76.81,-42.52,0.9817,0.8806,0.08
1980-01-03 22:00:00,-56.63,-77.91,-38.66,0.9841,0.8853,0.0872
1980-01-03 23:00:00,-53.51,-75.23,-35.13,0.9858,0.8888,0.0951
1980-01-04 00:00:00,-51.69,-71.97,-36.07,0.9822,0.8841,0.1025
1980-01-04 01:00:00,-50.74,-70.48,-34.33,0.975,0.8689,0.1104
1980-01-04 02:00:00,-50.79,-67.72,-32.59,0.9642,0.8525,0.1131
1980-01-04 03:00:00,-51.63,-66.73,-31.66,0.948,0.8182,0.1244
1980-01-04 04:00:00,-53.57,-68.6,-30.66,0.9492,0.7712,0.1258
1980-01-04 05:00:00,-58.56,-72.87,-31.44,0.95,0.7086,0.1221
1980-01-04 06:00:00,-63.76,-77.33,-35.97,0.9453,0.6689,0.1229
1980-01-04 07:00:00,-66.5,-79.34,-41.41,0.9396,0.6179,0.1233
1980-01-04 08:00:00,-67.87,-80.49,-44.55,0.9677,0.5676,0.1358
1980-01-04 09:00:00,-69.16,-80.71,-46.63,0.994,0.5147,0.1679
1980-01-04 10:00:00,-70.16,-80.79,-47.46,0.9965,0.5011,0.2108
1980-01-04 11:00:00,-69.67,-80.85,-47.88,0.9957,0.5023,0.2505
1980-01-04 12:00:00,-68.49,-79.12,-48.14,0.9951,0.5034,0.2895
1980-01-04 13:00:00,-67.27,-77.05,-47.8,0.994,0.504,0.3148
1980-01-04 14:00:00,-66.66,-75.06,-47.54,0.9881,0.4492,0.327
1980-01-04 15:00:00,-67.12,-74.5,-47.78,0.9776,0.3678,0.3099
1980-01-04 16:00:00,-69.56,-76.85,-50.45,0.9608,0.3255,0.1232
1980-01-04 17:00:00,-70.35,-81.12,-52.83,0.9405,0.3038,0.0904
1980-01-04 18:00:00,-68.92,-82.03,-52.68,0.9185,0.2879,0.1114
1980-01-04 19:00:00,-65.31,-78.73,-50.79,0.8468,0.2635,0.1283
1980-01-04 20:00:00,-62.37,-75.39,-48.0,0.76,0.2392,0.1395
1980-01-04 21:00:00,-60.55,-75.78,-44.47,0.7156,0.216,0.1553
1980-01-04 22:00:00,-56.79,-76.88,-40.61,0.6946,0.2039,0.1704
1980-01-04 23:00:00,-53.67,-74.2,-37.08,0.6601,0.1935,0.1828
1980-01-05 00:00:00,-52.96,-72.47,-37.53,0.6161,0.1875,0.1972
1980-01-05 01:00:00,-52.01,-70.98,-35.79,0.584,0.1834,0.2141
1980-01-05 02:00:00,-52.05,-68.23,-34.05,0.577,0.1753,0.2251
1980-01-05 03:00:00,-52.9,-67.24,-33.12,0.557,0.166,0.205
1980-01-05 04:00:00,-54.84,-69.11,-32.12,0.5256,0.1613,0.208
1980-01-05 05:00:00,-59.83,-73.38,-32.89,0.5091,0.1585,0.2068
1980-01-05 06:00:00,-65.02,-77.84,-37.43,0.4567,0.1588,0.1938
1980-01-05 07:00:00,-67.77,-79.84,-42.87,0.4619,0.1658,0.1915
1980-01-05 08:00:00,-69.14,-80.99,-46.01,0.4662,0.1762,0.1927
1980-01-05 09:00:00,-70.43,-81.22,-48.08,0.5657,0.1961,0.2286
1980-01-05 10:00:00,-71.42,-81.3,-48.92,0.7414,0.2117,0.2142
1980-01-05 11:00:00,-70.94,-81.36,-49.34,0.7866,0.2463,0.2165
1980-01-05 12:00:00,-69.76,-79.63,-49.59,0.7455,0.2583,0.2197
1980-01-05 13:00:00,-68.54,-77.56,-49.26,0.6773,0.2592,0.2238
1980-01-05 14:00:00,-67.93,-75.57,-49.0,0.5535,0.2391,0.2255
1980-01-05 15:00:00,-68.38,-75.01,-49.24,0.3384,0.2318,0.21
1980-01-05 16:00:00,-70.82,-77.36,-51.9,0.3057,0.251,0.0993
1980-01-05 17:00:00,-71.62,-81.63,-54.29,0.2883,0.3016,0.0767
1980-01-05 18:00:00,-70.19,-82.54,-54.14,0.236,0.3612,0.117
1980-01-05 19:00:00,-66.58,-79.24,-52.25,0.1734,0.4115,0.14
1980-01-05 20:00:00,-63.64,-75.9,-49.46,0.1248,0.4643,0.1496
1980-01-05 21:00:00,-61.82,-76.29,-45.93,0.1004,0.5105,0.1511
1980-01-05 22:00:00,-58.06,-77.39,-42.06,0.0889,0.5336,0.1411
1980-01-05 23:00:00,-54.94,-74.7,-38.53,0.0798,0.5636,0.1362
1980-01-06 00:00:00,-53.04,-77.3,-34.67,0.0699,0.5813,0.1334
1980-01-06 01:00:00,-52.09,-75.81,-32.93,0.0646,0.596,0.1295
1980-01-06 02:00:00,-52.13,-73.05,-31.19,0.0627,0.6091,0.1157
1980-01-06 03:00:00,-52.97,-72.07,-30.25,0.0661,0.6246,0.1039
1980-01-06 04:00:00,-54.92,-73.93,-29.26,0.0718,0.6673,0.0981
1980-01-06 05:00:00,-59.91,-78.2,-30.03,0.0718,0.6708,0.0877
1980-01-06 06:00:00,-65.1,-82.66,-34.57,0.0712,0.6753,0.0851
1980-01-06 07:00:00,-67.84,-84.67,-40.01,0.0702,0.7056,0.0796
1980-01-06 08:00:00,-69.22,-85.82,-43.15,0.0816,0.6963,0.0793
1980-01-06 09:00:00,-70.51,-86.04,-45.22,0.1033,0.6889,0.1357
1980-01-06 10:00:00,-71.5,-86.12,-46.06,0.1161,0.7013,0.1247
1980-01-06 11:00:00,-71.02,-86.19,-46.48,0.1271,0.6706,0.1396
1980-01-06 12:00:00,-69.84,-84.46,-46.73,0.1323,0.6715,0.1334
1980-01-06 13:00:00,-68.61,-82.38,-46.4,0.1314,0.6256,0.1272
1980-01-06 14:00:00,-68.01,-80.39,-46.14,0.1224,0.5503,0.1245
1980-01-06 15:00:00,-68.46,-79.83,-46.38,0.0876,0.4523,0.1179
1980-01-06 16:00:00,-70.9,-82.18,-49.04,0.0993,0.3828,0.0842
1980-01-06 17:00:00,-71.7,-86.45,-51.43,0.1227,0.3769,0.0916
1980-01-06 18:00:00,-70.27,-87.36,-51.28,0.1491,0.3597,0.0996
1980-01-06 19:00:00,-66.66,-84.06,-49.39,0.1775,0.342,0.105
1980-01-06 20:00:00,-63.72,-80.72,-46.59,0.2032,0.3258,0.1091
1980-01-06 21:00:00,-61.89,-81.11,-43.06,0.2229,0.3119,0.1096
1980-01-06 22:00:00,-58.14,-82.21,-39.2,0.2363,0.3071,0.1148
1980-01-06 23:00:00,-55.02,-79.53,-35.67,0.2536,0.2835,0.1213
1980-01-07 00:00:00,-44.25,-70.71,-31.15,0.2763,0.2476,0.1235
1980-01-07 01:00:00,-43.3,-69.22,-29.41,0.301,0.2319,0.1238
1980-01-07 02:00:00,-43.34,-66.46,-27.67,0.331,0.2194,0.1277
1980-01-07 03:00:00,-44.19,-65.48,-26.73,0.3748,0.2046,0.1311
1980-01-07 04:00:00,-46.13,-67.35,-25.74,0.4189,0.1816,0.1329
1980-01-07 05:00:00,-51.12,-71.61,-26.51,0.4654,0.1616,0.1347
1980-01-07 06:00:00,-56.31,-76.07,-31.05,0.5029,0.1415,0.1332
1980-01-07 07:00:00,-59.06,-78.08,-36.49,0.4963,0.1066,0.1295
1980-01-07 08:00:00,-60.43,-79.23,-39.63,0.5184,0.0824,0.1268
1980-01-07 09:00:00,-61.72,-79.45,-41.7,0.6074,0.0701,0.1619
1980-01-07 10:00:00,-62.72,-79.53,-42.54,0.718,0.0684,0.1469
1980-01-07 11:00:00,-62.23,-79.6,-42.96,0.7341,0.0639,0.1271
1980-01-07 12:00:00,-61.05,-77.87,-43.21,0.7193,0.0612,0.1132
1980-01-07 13:00:00,-59.83,-75.79,-42.87,0.6769,0.0584,0.1037
1980-01-07 14:00:00,-59.22,-73.8,-42.62,0.6103,0.0536,0.0986
1980-01-07 15:00:00,-59.68,-73.24,-42.86,0.5391,0.0481,0.0794
1980-01-07 16:00:00,-62.12,-75.59,-45.52,0.5545,0.056,0.056
1980-01-07 17:00:00,-62.91,-79.86,-47.91,0.5248,0.0761,0.0645
1980-01-07 18:00:00,-61.48,-80.77,-47.76,0.4644,0.091,0.0694
1980-01-07 19:00:00,-57.87,-77.47,-45.87,0.4247,0.1015,0.0742
1980-01-07 20:00:00,-54.93,-74.13,-43.07,0.3605,0.0986,0.0783
1980-01-07 21:00:00,-53.11,-74.52,-39.54,0.3006,0.1055,0.0801
1980-01-07 22:00:00,-49.35,-75.62,-35.68,0.2586,0.1077,0.0819
1980-01-07 23:00:00,-46.23,-72.94,-32.15,0.2241,0.1156,0.0832
1980-01-08 00:00:00,-38.84,-61.36,-29.96,0.1955,0.1238,0.0841
1980-01-08 01:00:00,-37.89,-59.87,-28.22,0.1693,0.1292,0.0876
1980-01-08 02:00:00,-37.93,-57.11,-26.48,0.1435,0.1262,0.0927
1980-01-08 03:00:00,-38.77,-56.13,-25.55,0.1183,0.1202,0.1005
1980-01-08 04:00:00,-40.72,-58.0,-24.55,0.0891,0.1021,0.1074
1980-01-08 05:00:00,-45.71,-62.27,-25.33,0.0676,0.0795,0.1142
1980-01-08 06:00:00,-50.9,-66.72,-29.86,0.0445,0.0669,0.1195
1980-01-08 07:00:00,-53.65,-68.73,-35.3,0.0309,0.0594,0.1191
1980-01-08 08:00:00,-55.02,-69.88,-38.44,0.0258,0.0509,0.127
1980-01-08 09:00:00,-56.31,-70.11,-40.52,0.0335,0.0507,0.1968
1980-01-08 10:00:00,-57.3,-70.18,-41.35,0.0294,0.0614,0.1996
1980-01-08 11:00:00,-56.82,-70.25,-41.77,0.0227,0.0793,0.2315
1980-01-08 12:00:00,-55.64,-68.52,-42.03,0.018,0.0944,0.2611
1980-01-08 13:00:00,-54.42,-66.44,-41.69,0.0132,0.115,0.2821
1980-01-08 14:00:00,-53.81,-64.45,-41.43,0.0058,0.1301,0.3086
1980-01-08 15:00:00,-54.26,-63.89,-41.67,0.0026,0.1532,0.2913
1980-01-08 16:00:00,-56.7,-66.24,-44.34,0.0027,0.163,0.1368
1980-01-08 17:00:00,-57.5,-70.51,-46.72,0.0034,0.2113,0.1357
1980-01-08 18:00:00,-56.07,-71.42,-46.57,0.0049,0.2461,0.1852
1980-01-08 19:00:00,-52.46,-68.12,-44.68,0.0075,0.3048,0.2046
1980-01-08 20:00:00,-49.52,-64.78,-41.89,0.0107,0.3708,0.2166
1980-01-08 21:00:00,-47.7,-65.18,-38.36,0.015,0.4407,0.2273
1980-01-08 22:00:00,-43.94,-66.27,-34.5,0.0198,0.4849,0.2266
1980-01-08 23:00:00,-40.82,-63.59,-30.97,0.0259,0.5306,0.2118
1980-01-09 00:00:00,-50.46,-67.29,-32.58,0.0336,0.5759,0.2016
1980-01-09 01:00:00,-49.51,-65.8,-30.84,0.0433,0.6271,0.1994
1980-01-09 02:00:00,-49.56,-63.05,-29.1,0.0546,0.6734,0.1976
1980-01-09 03:00:00,-50.4,-62.06,-28.16,0.0681,0.7308,0.1978
1980-01-09 04:00:00,-52.35,-63.93,-27.17,0.0751,0.7992,0.1892
1980-01-09 05:00:00,-57.33,-68.2,-27.94,0.0869,0.8379,0.1698
1980-01-09 06:00:00,-62.53,-72.66,-32.48,0.1041,0.8665,0.1524
1980-01-09 07:00:00,-65.27,-74.66,-37.92,0.1217,0.8973,0.129
1980-01-09 08:00:00,-66.64,-75.81,-41.06,0.1452,0.9094,0.1182
1980-01-09 09:00:00,-67.94,-76.04,-43.13,0.1983,0.9326,0.1558
1980-01-09 10:00:00,-68.93,-76.12,-43.96,0.2118,0.9368,0.151
1980-01-09 11:00:00,-68.45,-76.18,-44.39,0.2344,0.9245,0.1412
1980-01-09 12:00:00,-67.26,-74.45,-44.64,0.2421,0.9511,0.1323
1980-01-09 13:00:00,-66.04,-72.38,-44.3,0.2497,0.9507,0.1223
1980-01-09 14:00:00,-65.44,-70.39,-44.05,0.2555,0.9395,0.1081
1980-01-09 15:00:00,-65.89,-69.83,-44.29,0.2862,0.9271,0.1123
1980-01-09 16:00:00,-68.33,-72.18,-46.95,0.3571,0.9133,0.0534
1980-01-09 17:00:00,-69.13,-76.45,-49.34,0.4212,0.9111,0.0447
1980-01-09 18:00:00,-67.69,-77.36,-49.19,0.4802,0.8909,0.0578
1980-01-09 19:00:00,-64.08,-74.06,-47.3,0.5205,0.867,0.0657
1980-01-09 20:00:00,-61.14,-70.72,-44.5,0.5584,0.8635,0.0765
1980-01-09 21:00:00,-59.32,-71.11,-40.97,0.5828,0.897,0.0981
1980-01-09 22:00:00,-55.56,-72.21,-37.11,0.601,0.9092,0.1084
1980-01-09 23:00:00,-52.44,-69.52,-33.58,0.6281,0.9231,0.1144
1980-01-10 00:00:00,-52.64,-66.78,-33.08,0.6473,0.9449,0.1158
1980-01-10 01:00:00,-51.69,-65.29,-31.34,0.6782,0.9532,0.1214
1980-01-10 02:00:00,-51.74,-62.53,-29.6,0.69,0.9626,0.1291
1980-01-10 03:00:00,-52.58,-61.55,-28.67,0.6712,0.9635,0.1449
1980-01-10 04:00:00,-54.53,-63.42,-27.67,0.63,0.9701,0.1633
1980-01-10 05:00:00,-59.51,-67.69,-28.45,0.5689,0.9638,0.1904
1980-01-10 06:00:00,-64.71,-72.14,-32.98,0.5251,0.9548,0.2167
1980-01-10 07:00:00,-67.45,-74.15,-38.42,0.4775,0.9469,0.2586
1980-01-10 08:00:00,-68.82,-75.3,-41.56,0.4677,0.9424,0.3039
1980-01-10 09:00:00,-70.12,-75.53,-43.64,0.4517,0.9153,0.3875
1980-01-10 10:00:00,-71.11,-75.61,-44.47,0.4071,0.9033,0.441
1980-01-10 11:00:00,-70.63,-75.67,-44.89,0.4384,0.8943,0.5602
1980-01-10 12:00:00,-69.45,-73.94,-45.15,0.4081,0.8759,0.6597
1980-01-10 13:00:00,-68.22,-71.86,-44.81,0.3145,0.8606,0.6949
1980-01-10 14:00:00,-67.62,-69.88,-44.55,0.2023,0.7995,0.6957
1980-01-10 15:00:00,-68.07,-69.32,-44.79,0.156,0.738,0.661
1980-01-10 16:00:00,-70.51,-71.66,-47.46,0.1931,0.7077,0.5875
1980-01-10 17:00:00,-71.31,-75.93,-49.84,0.2088,0.718,0.5094
1980-01-10 18:00:00,-69.88,-76.84,-49.69,0.2237,0.7307,0.5461
1980-01-10 19:00:00,-66.27,-73.54,-47.8,0.2381,0.7198,0.5709
1980-01-10 20:00:00,-63.32,-70.21,-45.01,0.2496,0.7211,0.5666
1980-01-10 21:00:00,-61.5,-70.6,-41.48,0.2694,0.7557,0.5537
1980-01-10 22:00:00,-57.75,-71.69,-37.62,0.2872,0.7757,0.5345
1980-01-10 23:00:00,-54.62,-69.01,-34.09,0.3131,0.7537,0.5217
1980-01-11 00:00:00,-52.49,-64.94,-34.48,0.3505,0.7132,0.5135
1980-01-11 01:00:00,-51.54,-63.45,-32.74,0.3962,0.6063,0.4972
1980-01-11 02:00:00,-51.59,-60.7,-31.0,0.462,0.5887,0.4728
1980-01-11 03:00:00,-52.43,-59.71,-30.06,0.5498,0.6102,0.4603
1980-01-11 04:00:00,-54.37,-61.58,-29.07,0.6474,0.6331,0.4543
1980-01-11 05:00:00,-59.36,-65.85,-29.84,0.7522,0.6496,0.4292
1980-01-11 06:00:00,-64.56,-70.31,-34.37,0.8011,0.6852,0.4047
1980-01-11 07:00:00,-67.3,-72.31,-39.81,0.8599,0.7022,0.3783
1980-01-11 08:00:00,-68.67,-73.46,-42.95,0.9224,0.7555,0.3507
1980-01-11 09:00:00,-69.97,-73.69,-45.03,0.9541,0.7853,0.3587
1980-01-11 10:00:00,-70.96,-73.77,-45.86,0.9623,0.7851,0.4116
1980-01-11 11:00:00,-70.47,-73.83,-46.28,0.9702,0.7682,0.4954
1980-01-11 12:00:00,-69.29,-72.1,-46.54,0.978,0.7878,0.5216
1980-01-11 13:00:00,-68.07,-70.03,-46.2,0.988,0.927,0.4854
1980-01-11 14:00:00,-67.46,-68.04,-45.94,0.99,0.9345,0.4259
1980-01-11 15:00:00,-67.92,-67.48,-46.19,0.9909,0.9546,0.3351
1980-01-11 16:00:00,-70.36,-69.83,-48.85,0.9899,0.9635,0.1147
1980-01-11 17:00:00,-71.15,-74.1,-51.24,0.9819,0.972,0.0607
1980-01-11 18:00:00,-69.72,-75.01,-51.08,0.9781,0.9779,0.0694
1980-01-11 19:00:00,-66.11,-71.71,-49.2,0.973,0.9761,0.0832
1980-01-11 20:00:00,-63.17,-68.37,-46.4,0.9695,0.9742,0.0836
1980-01-11 21:00:00,-61.35,-68.76,-42.87,0.9611,0.9826,0.0793
1980-01-11 22:00:00,-57.59,-69.86,-39.01,0.9611,0.9862,0.0835
1980-01-11 23:00:00,-54.47,-67.18,-35.48,0.9622,0.986,0.0829
1980-01-12 00:00:00,-50.98,-63.1,-36.72,0.9628,0.9816,0.0844
1980-01-12 01:00:00,-50.03,-61.61,-34.98,0.9598,0.977,0.0886
1980-01-12 02:00:00,-50.08,-58.86,-33.24,0.9576,0.9696,0.0925
1980-01-12 03:00:00,-50.92,-57.87,-32.31,0.9566,0.9603,0.1064
1980-01-12 04:00:00,-52.86,-59.74,-31.31,0.9489,0.94,0.1102
1980-01-12 05:00:00,-57.85,-64.01,-32.09,0.9436,0.9105,0.1166
1980-01-12 06:00:00,-63.05,-68.47,-36.62,0.9436,0.8983,0.1279
1980-01-12 07:00:00,-65.79,-70.47,-42.06,0.942,0.873,0.1492
1980-01-12 08:00:00,-67.16,-71.62,-45.2,0.9431,0.8411,0.1821
1980-01-12 09:00:00,-68.46,-71.85,-47.28,0.9486,0.8311,0.2415
1980-01-12 10:00:00,-69.45,-71.93,-48.11,0.9409,0.809,0.2796
1980-01-12 11:00:00,-68.96,-71.99,-48.53,0.9395,0.777,0.3711
1980-01-12 12:00:00,-67.78,-70.26,-48.78,0.9384,0.758,0.4633
1980-01-12 13:00:00,-66.56,-68.18,-48.45,0.9061,0.7462,0.5137
1980-01-12 14:00:00,-65.95,-66.2,-48.19,0.8497,0.7158,0.5364
1980-01-12 15:00:00,-66.41,-65.64,-48.43,0.7211,0.6665,0.53
1980-01-12 16:00:00,-68.85,-67.98,-51.09,0.5962,0.6151,0.4181
1980-01-12 17:00:00,-69.64,-72.26,-53.48,0.4852,0.6399,0.2622
1980-01-12 18:00:00,-68.21,-73.17,-53.33,0.4492,0.6609,0.3152
1980-01-12 19:00:00,-64.6,-69.86,-51.44,0.4442,0.7269,0.3295
1980-01-12 20:00:00,-61.66,-66.53,-48.65,0.4535,0.8476,0.3833
1980-01-12 21:00:00,-59.84,-66.92,-45.12,0.4834,0.9064,0.4407
1980-01-12 22:00:00,-56.08,-68.01,-41.26,0.4895,0.9042,0.4311
1980-01-12 23:00:00,-52.96,-65.33,-37.73,0.5271,0.8911,0.407
1980-01-13 00:00:00,-50.21,-67.94,-36.57,0.5729,0.9121,0.406
1980-01-13 01:00:00,-49.26,-66.46,-34.83,0.6602,0.9082,0.4084
1980-01-13 02:00:00,-49.3,-63.7,-33.08,0.7072,0.8939,0.4243
1980-01-13 03:00:00,-50.15,-62.71,-32.15,0.7428,0.9162,0.4415
1980-01-13 04:00:00,-52.09,-64.58,-31.15,0.7303,0.9508,0.4482
1980-01-13 05:00:00,-57.08,-68.85,-31.93,0.7543,0.9439,0.4419
1980-01-13 06:00:00,-62.27,-73.31,-36.46,0.7913,0.9579,0.4083
1980-01-13 07:00:00,-65.02,-75.32,-41.9,0.8025,0.974,0.3874
1980-01-13 08:00:00,-66.39,-76.47,-45.04,0.822,0.9802,0.4134
1980-01-13 09:00:00,-67.68,-76.69,-47.12,0.8508,0.9871,0.5023
1980-01-13 10:00:00,-68.68,-76.77,-47.95,0.8716,0.9973,0.6554
1980-01-13 11:00:00,-68.19,-76.83,-48.37,0.8762,0.9708,0.7181
1980-01-13 12:00:00,-67.01,-75.1,-48.63,0.8691,0.9626,0.7451
1980-01-13 13:00:00,-65.79,-73.03,-48.29,0.8494,0.9664,0.7581
1980-01-13 14:00:00,-65.18,-71.04,-48.03,0.8278,0.9779,0.7587
1980-01-13 15:00:00,-65.64,-70.48,-48.28,0.7963,0.9292,0.737
1980-01-13 16:00:00,-68.08,-72.83,-50.94,0.7784,0.8801,0.6045
1980-01-13 17:00:00,-68.87,-77.1,-53.32,0.7783,0.8161,0.2995
1980-01-13 18:00:00,-67.44,-78.01,-53.17,0.7491,0.7329,0.2689
1980-01-13 19:00:00,-63.83,-74.71,-51.28,0.7093,0.68,0.2299
1980-01-13 20:00:00,-60.89,-71.37,-48.49,0.6737,0.662,0.1953
1980-01-13 21:00:00,-59.07,-71.76,-44.96,0.6437,0.666,0.1742
1980-01-13 22:00:00,-55.31,-72.86,-41.1,0.6554,0.7212,0.1652
1980-01-13 23:00:00,-52.19,-70.18,-37.57,0.7329,0.7806,0.1614
1980-01-14 00:00:00,-42.24,-65.13,-33.87,0.7691,0.8291,0.1571
1980-01-14 01:00:00,-41.29,-63.65,-32.13,0.7804,0.8478,0.1628
1980-01-14 02:00:00,-41.34,-60.89,-30.39,0.7717,0.8542,0.1797
1980-01-14 03:00:00,-42.18,-59.9,-29.45,0.7768,0.8309,0.2219
1980-01-14 04:00:00,-44.13,-61.77,-28.46,0.7815,0.8056,0.2297
1980-01-14 05:00:00,-49.11,-66.04,-29.23,0.7809,0.7324,0.23
1980-01-14 06:00:00,-54.31,-70.5,-33.77,0.7836,0.6849,0.2291
1980-01-14 07:00:00,-57.05,-72.51,-39.21,0.788,0.6403,0.2412
1980-01-14 08:00:00,-58.42,-73.66,-42.35,0.7763,0.6076,0.2738
1980-01-14 09:00:00,-59.72,-73.88,-44.42,0.7748,0.5939,0.3437
1980-01-14 10:00:00,-60.71,-73.96,-45.26,0.7825,0.5745,0.5144
1980-01-14 11:00:00,-60.23,-74.02,-45.68,0.8011,0.5724,0.6126
1980-01-14 12:00:00,-59.04,-72.29,-45.93,0.8338,0.5897,0.6413
1980-01-14 13:00:00,-57.82,-70.22,-45.59,0.8214,0.5864,0.6569
1980-01-14 14:00:00,-57.22,-68.23,-45.34,0.7908,0.5145,0.6637
1980-01-14 15:00:00,-57.67,-67.67,-45.58,0.7567,0.4037,0.6523
1980-01-14 16:00:00,-60.11,-70.02,-48.24,0.7607,0.3352,0.4884
1980-01-14 17:00:00,-60.91,-74.29,-50.63,0.7677,0.3252,0.2145
1980-01-14 18:00:00,-59.47,-75.2,-50.48,0.7233,0.324,0.2338
1980-01-14 19:00:00,-55.86,-71.9,-48.59,0.737,0.3327,0.25
1980-01-14 20:00:00,-52.92,-68.56,-45.79,0.7169,0.3582,0.248
1980-01-14 21:00:00,-51.1,-68.95,-42.26,0.7111,0.3956,0.2601
1980-01-14 22:00:00,-47.34,-70.05,-38.4,0.7057,0.4134,0.2557
1980-01-14 23:00:00,-44.22,-67.37,-34.87,0.6613,0.3992,0.2605
1980-01-15 00:00:00,-39.02,-62.41,-30.64,0.6192,0.4128,0.2708
1980-01-15 01:00:00,-38.07,-60.92,-28.9,0.5955,0.4577,0.2771
1980-01-15 02:00:00,-38.12,-58.16,-27.16,0.5671,0.5085,0.3121
1980-01-15 03:00:00,-38.96,-57.18,-26.22,0.5561,0.5553,0.3332
1980-01-15 04:00:00,-40.91,-59.05,-25.23,0.5319,0.5919,0.3613
1980-01-15 05:00:00,-45.89,-63.32,-26.0,0.5035,0.6261,0.36
1980-01-15 06:00:00,-51.09,-67.78,-30.54,0.4761,0.6736,0.3828
1980-01-15 07:00:00,-53.83,-69.78,-35.98,0.4437,0.7017,0.4104
1980-01-15 08:00:00,-55.2,-70.93,-39.12,0.4188,0.6813,0.4648
1980-01-15 09:00:00,-56.5,-71.16,-41.19,0.4262,0.6646,0.5223
1980-01-15 10:00:00,-57.49,-71.24,-42.02,0.4393,0.6459,0.5941
1980-01-15 11:00:00,-57.0,-71.3,-42.44,0.4341,0.6257,0.6745
1980-01-15 12:00:00,-55.82,-69.57,-42.7,0.4126,0.5913,0.6845
1980-01-15 13:00:00,-54.6,-67.49,-42.36,0.3364,0.5634,0.6785
1980-01-15 14:00:00,-53.99,-65.51,-42.1,0.2123,0.5215,0.6758
1980-01-15 15:00:00,-54.45,-64.95,-42.35,0.1504,0.424,0.6702
1980-01-15 16:00:00,-56.89,-67.29,-45.01,0.1557,0.3389,0.5624
1980-01-15 17:00:00,-57.69,-71.57,-47.4,0.1344,0.2867,0.327
1980-01-15 18:00:00,-56.25,-72.48,-47.25,0.1097,0.2484,0.3524
1980-01-15 19:00:00,-52.64,-69.17,-45.36,0.0911,0.2098,0.3678
1980-01-15 20:00:00,-49.7,-65.84,-42.56,0.0773,0.1759,0.3766
1980-01-15 21:00:00,-47.88,-66.23,-39.03,0.0717,0.1565,0.3813
1980-01-15 22:00:00,-44.12,-67.32,-35.17,0.0715,0.15,0.4019
1980-01-15 23:00:00,-41.0,-64.64,-31.64,0.0685,0.1524,0.4241
1980-01-16 00:00:00,-51.62,-70.35,-32.44,0.0685,0.1502,0.4396
1980-01-16 01:00:00,-50.67,-68.86,-30.7,0.0709,0.1481,0.464
1980-01-16 02:00:00,-50.71,-66.1,-28.96,0.0716,0.1519,0.4754
1980-01-16 03:00:00,-51.55,-65.12,-28.03,0.073,0.1595,0.4802
1980-01-16 04:00:00,-53.5,-66.99,-27.03,0.071,0.164,0.4889
1980-01-16 05:00:00,-58.49,-71.25,-27.8,0.0659,0.1578,0.4999
1980-01-16 06:00:00,-63.68,-75.71,-32.34,0.0579,0.1679,0.5145
1980-01-16 07:00:00,-66.42,-77.72,-37.78,0.053,0.144,0.5283
1980-01-16 08:00:00,-67.8,-78.87,-40.92,0.0531,0.1463,0.5536
1980-01-16 09:00:00,-69.09,-79.09,-42.99,0.0676,0.1493,0.5993
1980-01-16 10:00:00,-70.08,-79.17,-43.83,0.0736,0.1653,0.6337
1980-01-16 11:00:00,-69.6,-79.24,-44.25,0.0805,0.171,0.6903
1980-01-16 12:00:00,-68.42,-77.51,-44.5,0.0883,0.1673,0.698
1980-01-16 13:00:00,-67.19,-75.43,-44.17,0.0847,0.1273,0.6752
1980-01-16 14:00:00,-66.59,-73.44,-43.91,0.0501,0.0885,0.6718
1980-01-16 15:00:00,-67.04,-72.88,-44.15,0.0313,0.055,0.6636
1980-01-16 16:00:00,-69.48,-75.23,-46.81,0.0406,0.0445,0.6392
1980-01-16 17:00:00,-70.28,-79.5,-49.2,0.0522,0.0492,0.4953
1980-01-16 18:00:00,-68.85,-80.41,-49.05,0.0522,0.0589,0.5089
1980-01-16 19:00:00,-65.24,-77.11,-47.16,0.0513,0.0676,0.5208
1980-01-16 20:00:00,-62.3,-73.77,-44.37,0.0482,0.0795,0.5314
1980-01-16 21:00:00,-60.48,-74.16,-40.84,0.045,0.0825,0.5182
1980-01-16 22:00:00,-56.72,-75.26,-36.97,0.04,0.0951,0.5131
1980-01-16 23:00:00,-53.6,-72.58,-33.44,0.0394,0.0993,0.5188
1980-01-17 00:00:00,-53.72,-78.95,-33.43,0.0417,0.0981,0.5258
1980-01-17 01:00:00,-52.77,-77.46,-31.69,0.0414,0.1053,0.531
1980-01-17 02:00:00,-52.81,-74.7,-29.94,0.0414,0.1137,0.5398
1980-01-17 03:00:00,-53.65,-73.71,-29.01,0.0364,0.1148,0.5392
1980-01-17 04:00:00,-55.6,-75.58,-28.02,0.0339,0.1077,0.5342
1980-01-17 05:00:00,-60.59,-79.85,-28.79,0.0301,0.1112,0.5245
1980-01-17 06:00:00,-65.78,-84.31,-33.32,0.0256,0.1149,0.5178
1980-01-17 07:00:00,-68.52,-86.32,-38.76,0.0263,0.1144,0.5176
1980-01-17 08:00:00,-69.9,-87.47,-41.9,0.031,0.1115,0.5272
1980-01-17 09:00:00,-71.19,-87.69,-43.98,0.0456,0.1249,0.6053
1980-01-17 10:00:00,-72.18,-87.77,-44.81,0.0807,0.1448,0.6866
1980-01-17 11:00:00,-71.7,-87.83,-45.23,0.1027,0.1488,0.7282
1980-01-17 12:00:00,-70.52,-86.11,-45.49,0.1167,0.1404,0.7421
1980-01-17 13:00:00,-69.3,-84.03,-45.15,0.119,0.1292,0.7404
1980-01-17 14:00:00,-68.69,-82.04,-44.89,0.1047,0.1105,0.7456
1980-01-17 15:00:00,-69.14,-81.48,-45.14,0.0645,0.0893,0.7488
1980-01-17 16:00:00,-71.58,-83.83,-47.8,0.0613,0.0906,0.7255
1980-01-17 17:00:00,-72.38,-88.1,-50.19,0.0833,0.1073,0.5494
1980-01-17 18:00:00,-70.95,-89.01,-50.03,0.0922,0.1175,0.4892
1980-01-17 19:00:00,-67.34,-85.71,-48.14,0.0882,0.1306,0.4763
1980-01-17 20:00:00,-64.4,-82.37,-45.35,0.0829,0.149,0.4458
1980-01-17 21:00:00,-62.58,-82.76,-41.82,0.0808,0.1713,0.422
1980-01-17 22:00:00,-58.82,-83.86,-37.96,0.091,0.1948,0.4172
1980-01-17 23:00:00,-55.7,-81.18,-34.43,0.0998,0.1975,0.4143
1980-01-18 00:00:00,-54.46,-80.31,-35.09,0.1101,0.2003,0.4092
1980-01-18 01:00:00,-53.51,-78.82,-33.35,0.1176,0.1979,0.4046
1980-01-18 02:00:00,-53.55,-76.06,-31.61,0.1197,0.2041,0.3991
1980-01-18 03:00:00,-54.39,-75.08,-30.67,0.1232,0.2129,0.4153
1980-01-18 04:00:00,-56.34,-76.95,-29.68,0.1283,0.213,0.4107
1980-01-18 05:00:00,-61.33,-81.22,-30.45,0.1337,0.2155,0.4062
1980-01-18 06:00:00,-66.52,-85.67,-34.99,0.1381,0.2141,0.3893
1980-01-18 07:00:00,-69.26,-87.68,-40.43,0.1415,0.2225,0.3673
1980-01-18 08:00:00,-70.64,-88.83,-43.57,0.1581,0.2188,0.4147
1980-01-18 09:00:00,-71.93,-89.06,-45.64,0.1797,0.221,0.5534
1980-01-18 10:00:00,-72.92,-89.13,-46.47,0.1996,0.2354,0.6252
1980-01-18 11:00:00,-72.44,-89.2,-46.89,0.2064,0.251,0.5786
1980-01-18 12:00:00,-71.26,-87.47,-47.15,0.2069,0.2798,0.525
1980-01-18 13:00:00,-70.04,-85.39,-46.81,0.1971,0.2767,0.4897
1980-01-18 14:00:00,-69.43,-83.4,-46.55,0.1737,0.2066,0.4696
1980-01-18 15:00:00,-69.88,-82.84,-46.8,0.1339,0.1568,0.4469
1980-01-18 16:00:00,-72.32,-85.19,-49.46,0.1222,0.1317,0.3703
1980-01-18 17:00:00,-73.12,-89.46,-51.85,0.1377,0.1188,0.2015
1980-01-18 18:00:00,-71.69,-90.37,-51.7,0.1449,0.1106,0.2361
1980-01-18 19:00:00,-68.08,-87.07,-49.81,0.1477,0.1085,0.2646
1980-01-18 20:00:00,-65.14,-83.73,-47.01,0.1505,0.1051,0.2799
1980-01-18 21:00:00,-63.32,-84.13,-43.48,0.1519,0.1038,0.2714
1980-01-18 22:00:00,-59.56,-85.22,-39.62,0.1499,0.1133,0.2649
1980-01-18 23:00:00,-56.44,-82.54,-36.09,0.1421,0.1276,0.2381
1980-01-19 00:00:00,-54.06,-79.85,-35.18,0.1351,0.1388,0.2278
1980-01-19 01:00:00,-53.11,-78.36,-33.44,0.1314,0.1514,0.2271
1980-01-19 02:00:00,-53.15,-75.6,-31.7,0.1279,0.1549,0.2373
1980-01-19 03:00:00,-53.99,-74.62,-30.77,0.1182,0.1483,0.2453
1980-01-19 04:00:00,-55.94,-76.49,-29.77,0.1064,0.1442,0.2555
1980-01-19 05:00:00,-60.93,-80.76,-30.55,0.1017,0.1366,0.2823
1980-01-19 06:00:00,-66.12,-85.21,-35.08,0.1024,0.1325,0.2824
1980-01-19 07:00:00,-68.86,-87.22,-40.52,0.1075,0.1325,0.2906
1980-01-19 08:00:00,-70.24,-88.37,-43.66,0.1156,0.1347,0.3253
1980-01-19 09:00:00,-71.53,-88.6,-45.74,0.1213,0.1302,0.3776
1980-01-19 10:00:00,-72.52,-88.68,-46.57,0.1206,0.1336,0.4198
1980-01-19 11:00:00,-72.04,-88.74,-46.99,0.119,0.1304,0.4504
1980-01-19 12:00:00,-70.86,-87.01,-47.25,0.1142,0.133,0.4603
1980-01-19 13:00:00,-69.64,-84.93,-46.91,0.1037,0.1292,0.4686
1980-01-19 14:00:00,-69.03,-82.95,-46.65,0.0805,0.1088,0.4711
1980-01-19 15:00:00,-69.48,-82.39,-46.89,0.0504,0.0797,0.4605
1980-01-19 16:00:00,-71.92,-84.73,-49.56,0.0514,0.086,0.4055
1980-01-19 17:00:00,-72.72,-89.0,-51.94,0.058,0.0986,0.3756
1980-01-19 18:00:00,-71.29,-89.91,-51.79,0.0619,0.1077,0.4158
1980-01-19 19:00:00,-67.68,-86.61,-49.9,0.064,0.1098,0.4361
1980-01-19 20:00:00,-64.74,-83.28,-47.11,0.0685,0.1118,0.4499
1980-01-19 21:00:00,-62.92,-83.67,-43.58,0.0714,0.1123,0.4609
1980-01-19 22:00:00,-59.16,-84.76,-39.72,0.0765,0.1081,0.4547
1980-01-19 23:00:00,-56.04,-82.08,-36.19,0.079,0.1004,0.445
1980-01-20 00:00:00,-52.02,-77.24,-35.91,0.0758,0.0875,0.4253
1980-01-20 01:00:00,-51.07,-75.75,-34.17,0.0706,0.077,0.4207
1980-01-20 02:00:00,-51.11,-72.99,-32.43,0.0671,0.0693,0.4069
1980-01-20 03:00:00,-51.95,-72.01,-31.5,0.0656,0.0664,0.3914
1980-01-20 04:00:00,-53.9,-73.88,-30.5,0.059,0.0668,0.3746
1980-01-20 05:00:00,-58.89,-78.15,-31.27,0.0565,0.0699,0.3526
1980-01-20 06:00:00,-64.08,-82.6,-35.81,0.0552,0.0761,0.3481
1980-01-20 07:00:00,-66.82,-84.61,-41.25,0.0541,0.0859,0.3509
1980-01-20 08:00:00,-68.2,-85.76,-44.39,0.0591,0.0957,0.3578
1980-01-20 09:00:00,-69.49,-85.99,-46.46,0.0613,0.1054,0.3685
1980-01-20 10:00:00,-70.48,-86.06,-47.3,0.0628,0.1188,0.3879
1980-01-20 11:00:00,-70.0,-86.13,-47.72,0.0609,0.1214,0.4208
1980-01-20 12:00:00,-68.82,-84.4,-47.97,0.0554,0.1284,0.4103
1980-01-20 13:00:00,-67.6,-82.32,-47.64,0.0485,0.1284,0.3784
1980-01-20 14:00:00,-66.99,-80.34,-47.38,0.0371,0.1103,0.3211
1980-01-20 15:00:00,-67.44,-79.77,-47.62,0.0238,0.0911,0.2342
1980-01-20 16:00:00,-69.88,-82.12,-50.28,0.0331,0.1119,0.1172
1980-01-20 17:00:00,-70.68,-86.39,-52.67,0.0425,0.144,0.088
1980-01-20 18:00:00,-69.25,-87.3,-52.52,0.0492,0.1726,0.1013
1980-01-20 19:00:00,-65.64,-84.0,-50.63,0.052,0.197,0.117
1980-01-20 20:00:00,-62.7,-80.66,-47.84,0.0518,0.2161,0.1286
1980-01-20 21:00:00,-60.88,-81.06,-44.31,0.0507,0.2275,0.1134
1980-01-20 22:00:00,-57.12,-82.15,-40.45,0.0486,0.2337,0.1247
1980-01-20 23:00:00,-54.0,-79.47,-36.91,0.0453,0.2349,0.1169
1980-01-21 00:00:00,-43.63,-69.56,-34.65,0.0415,0.2256,0.122
1980-01-21 01:00:00,-42.68,-68.07,-32.91,0.0375,0.2189,0.1207
1980-01-21 02:00:00,-42.73,-65.32,-31.17,0.0336,0.2065,0.1131
1980-01-21 03:00:00,-43.57,-64.33,-30.23,0.0306,0.1984,0.1218
1980-01-21 04:00:00,-45.51,-66.2,-29.24,0.0267,0.1793,0.1373
1980-01-21 05:00:00,-50.5,-70.47,-30.01,0.0252,0.1715,0.1527
1980-01-21 06:00:00,-55.7,-74.93,-34.55,0.0247,0.165,0.1583
1980-01-21 07:00:00,-58.44,-76.93,-39.99,0.0243,0.1705,0.159
1980-01-21 08:00:00,-59.81,-78.08,-43.13,0.0258,0.1804,0.1739
1980-01-21 09:00:00,-61.1,-78.31,-45.2,0.0294,0.222,0.2293
1980-01-21 10:00:00,-62.1,-78.39,-46.04,0.0336,0.2682,0.2548
1980-01-21 11:00:00,-61.61,-78.45,-46.46,0.0223,0.2987,0.285
1980-01-21 12:00:00,-60.43,-76.72,-46.71,0.0219,0.3202,0.2924
1980-01-21 13:00:00,-59.21,-74.65,-46.37,0.0209,0.3004,0.3014
1980-01-21 14:00:00,-58.6,-72.66,-46.12,0.01,0.2508,0.3044
1980-01-21 15:00:00,-59.06,-72.1,-46.36,0.0084,0.1527,0.2829
1980-01-21 16:00:00,-61.5,-74.45,-49.02,0.0293,0.1206,0.2104
1980-01-21 17:00:00,-62.29,-78.72,-51.41,0.051,0.1274,0.1745
1980-01-21 18:00:00,-60.86,-79.63,-51.26,0.0671,0.1278,0.2009
1980-01-21 19:00:00,-57.25,-76.33,-49.37,0.0781,0.1169,0.2184
1980-01-21 20:00:00,-54.31,-72.99,-46.57,0.0856,0.1046,0.2259
1980-01-21 21:00:00,-52.49,-73.38,-43.04,0.0879,0.0925,0.2288
1980-01-21 22:00:00,-48.73,-74.48,-39.18,0.0835,0.0831,0.2248
1980-01-21 23:00:00,-45.61,-71.79,-35.65,0.0752,0.0718,0.2227
1980-01-22 00:00:00,-40.57,-66.37,-33.76,0.0642,0.0621,0.2228
1980-01-22 01:00:00,-39.62,-64.89,-32.02,0.0557,0.0554,0.2105
1980-01-22 02:00:00,-39.66,-62.13,-30.28,0.0503,0.05,0.1999
1980-01-22 03:00:00,-40.51,-61.14,-29.34,0.0494,0.0485,0.1889
1980-01-22 04:00:00,-42.45,-63.01,-28.35,0.0488,0.0451,0.1949
1980-01-22 05:00:00,-47.44,-67.28,-29.12,0.0479,0.0437,0.1969
1980-01-22 06:00:00,-52.63,-71.74,-33.66,0.049,0.041,0.207
1980-01-22 07:00:00,-55.38,-73.75,-39.1,0.0497,0.0399,0.2057
1980-01-22 08:00:00,-56.75,-74.9,-42.24,0.0566,0.037,0.233
1980-01-22 09:00:00,-58.04,-75.12,-44.31,0.0519,0.0425,0.2754
1980-01-22 10:00:00,-59.04,-75.2,-45.15,0.0408,0.0463,0.3179
1980-01-22 11:00:00,-58.55,-75.26,-45.57,0.0347,0.0493,0.3638
1980-01-22 12:00:00,-57.37,-73.53,-45.82,0.0272,0.0535,0.372
1980-01-22 13:00:00,-56.15,-71.46,-45.48,0.0202,0.0524,0.373
1980-01-22 14:00:00,-55.54,-69.47,-45.23,0.01,0.0377,0.3747
1980-01-22 15:00:00,-56.0,-68.91,-45.47,0.0062,0.0152,0.3589
1980-01-22 16:00:00,-58.44,-71.26,-48.13,0.0132,0.0224,0.2302
1980-01-22 17:00:00,-59.23,-75.53,-50.52,0.0207,0.0266,0.1287
1980-01-22 18:00:00,-57.8,-76.44,-50.37,0.0243,0.0271,0.1644
1980-01-22 19:00:00,-54.19,-73.14,-48.48,0.024,0.0291,0.1714
1980-01-22 20:00:00,-51.25,-69.8,-45.68,0.022,0.0317,0.173
1980-01-22 21:00:00,-49.43,-70.19,-42.15,0.0198,0.0313,0.168
1980-01-22 22:00:00,-45.67,-71.29,-38.29,0.0207,0.0303,0.1609
1980-01-22 23:00:00,-42.55,-68.61,-34.76,0.0199,0.0306,0.1591
1980-01-23 00:00:00,-52.16,-73.01,-35.26,0.0226,0.0307,0.1564
1980-01-23 01:00:00,-51.21,-71.52,-33.52,0.0248,0.0307,0.1518
1980-01-23 02:00:00,-51.25,-68.77,-31.77,0.0267,0.0299,0.1536
1980-01-23 03:00:00,-52.1,-67.78,-30.84,0.0256,0.0302,0.1622
1980-01-23 04:00:00,-54.04,-69.65,-29.85,0.0249,0.0278,0.1769
1980-01-23 05:00:00,-59.03,-73.92,-30.62,0.0241,0.0241,0.191
1980-01-23 06:00:00,-64.23,-78.38,-35.15,0.0248,0.0244,0.1965
1980-01-23 07:00:00,-66.97,-80.38,-40.59,0.0287,0.0271,0.2018
1980-01-23 08:00:00,-68.34,-81.53,-43.73,0.0364,0.0352,0.2333
1980-01-23 09:00:00,-69.63,-81.76,-45.81,0.0557,0.0525,0.2886
1980-01-23 10:00:00,-70.63,-81.84,-46.64,0.0585,0.0719,0.342
1980-01-23 11:00:00,-70.14,-81.9,-47.06,0.0612,0.1019,0.3348
1980-01-23 12:00:00,-68.96,-80.17,-47.32,0.0648,0.1271,0.3157
1980-01-23 13:00:00,-67.74,-78.1,-46.98,0.062,0.132,0.3146
1980-01-23 14:00:00,-67.13,-76.11,-46.72,0.0469,0.1147,0.3202
1980-01-23 15:00:00,-67.59,-75.55,-46.97,0.033,0.1045,0.3144
1980-01-23 16:00:00,-70.03,-77.9,-49.63,0.0321,0.1302,0.1948
1980-01-23 17:00:00,-70.82,-82.17,-52.01,0.0376,0.1712,0.1005
1980-01-23 18:00:00,-69.39,-83.08,-51.86,0.0394,0.2124,0.1309
1980-01-23 19:00:00,-65.78,-79.78,-49.97,0.0371,0.2603,0.1562
1980-01-23 20:00:00,-62.84,-76.44,-47.18,0.0329,0.3364,0.1658
1980-01-23 21:00:00,-61.02,-76.83,-43.65,0.0262,0.4044,0.169
1980-01-23 22:00:00,-57.26,-77.93,-39.79,0.0218,0.4564,0.1631
1980-01-23 23:00:00,-54.14,-75.24,-36.26,0.0189,0.5076,0.1621
1980-01-24 00:00:00,-53.39,-75.49,-33.98,0.0168,0.5283,0.1666
1980-01-24 01:00:00,-52.44,-74.0,-32.24,0.0144,0.5363,0.175
1980-01-24 02:00:00,-52.48,-71.24,-30.5,0.0143,0.5422,0.1922
1980-01-24 03:00:00,-53.33,-70.26,-29.57,0.0148,0.5446,0.2099
1980-01-24 04:00:00,-55.27,-72.13,-28.57,0.0147,0.5388,0.2289
1980-01-24 05:00:00,-60.26,-76.39,-29.35,0.0149,0.5301,0.2385
1980-01-24 06:00:00,-65.45,-80.85,-33.88,0.0153,0.521,0.2351
1980-01-24 07:00:00,-68.2,-82.86,-39.32,0.0164,0.5098,0.2385
1980-01-24 08:00:00,-69.57,-84.01,-42.46,0.0234,0.5097,0.2705
1980-01-24 09:00:00,-70.86,-84.24,-44.54,0.0383,0.5011,0.2988
1980-01-24 10:00:00,-71.86,-84.31,-45.37,0.0342,0.5143,0.3538
1980-01-24 11:00:00,-71.37,-84.38,-45.79,0.0328,0.5255,0.3655
1980-01-24 12:00:00,-70.19,-82.65,-46.05,0.0323,0.5228,0.3546
1980-01-24 13:00:00,-68.97,-80.57,-45.71,0.032,0.5087,0.3411
1980-01-24 14:00:00,-68.36,-78.58,-45.45,0.0292,0.4889,0.3298
1980-01-24 15:00:00,-68.82,-78.02,-45.69,0.0239,0.4741,0.3039
1980-01-24 16:00:00,-71.26,-80.37,-48.36,0.0257,0.473,0.1612
1980-01-24 17:00:00,-72.05,-84.64,-50.74,0.0295,0.4933,0.1198
1980-01-24 18:00:00,-70.62,-85.55,-50.59,0.0328,0.5268,0.1398
1980-01-24 19:00:00,-67.01,-82.25,-48.7,0.0366,0.5556,0.1434
1980-01-24 20:00:00,-64.07,-78.91,-45.91,0.0406,0.5718,0.1415
1980-01-24 21:00:00,-62.25,-79.3,-42.38,0.0424,0.5955,0.1382
1980-01-24 22:00:00,-58.49,-80.4,-38.52,0.0451,0.6219,0.1352
1980-01-24 23:00:00,-55.37,-77.72,-34.99,0.0498,0.6318,0.1319
1980-01-25 00:00:00,-53.92,-77.9,-35.05,0.055,0.636,0.1281
1980-01-25 01:00:00,-52.97,-76.41,-33.31,0.0574,0.6301,0.1275
1980-01-25 02:00:00,-53.02,-73.65,-31.56,0.058,0.6273,0.126
1980-01-25 03:00:00,-53.86,-72.67,-30.63,0.0564,0.6295,0.1259
1980-01-25 04:00:00,-55.81,-74.53,-29.63,0.0526,0.6161,0.1188
1980-01-25 05:00:00,-60.79,-78.8,-30.41,0.0505,0.6206,0.116
1980-01-25 06:00:00,-65.99,-83.26,-34.94,0.0479,0.6301,0.1133
1980-01-25 07:00:00,-68.73,-85.27,-40.38,0.048,0.6458,0.1114
1980-01-25 08:00:00,-70.1,-86.42,-43.52,0.0608,0.6734,0.1271
1980-01-25 09:00:00,-71.4,-86.64,-45.6,0.0907,0.6947,0.1591
1980-01-25 10:00:00,-72.39,-86.72,-46.43,0.1263,0.7068,0.1659
1980-01-25 11:00:00,-71.91,-86.79,-46.85,0.1481,0.7314,0.1982
1980-01-25 12:00:00,-70.72,-85.06,-47.11,0.1545,0.7519,0.2127
1980-01-25 13:00:00,-69.5,-82.98,-46.77,0.1392,0.7607,0.2269
1980-01-25 14:00:00,-68.9,-80.99,-46.51,0.1052,0.7467,0.2369
1980-01-25 15:00:00,-69.35,-80.43,-46.75,0.0585,0.7121,0.2301
1980-01-25 16:00:00,-71.79,-82.78,-49.42,0.0393,0.6893,0.1154
1980-01-25 17:00:00,-72.59,-87.05,-51.8,0.0524,0.7012,0.0638
1980-01-25 18:00:00,-71.15,-87.96,-51.65,0.0728,0.7277,0.0696
1980-01-25 19:00:00,-67.54,-84.66,-49.76,0.0951,0.741,0.0643
1980-01-25 20:00:00,-64.6,-81.32,-46.97,0.1107,0.7428,0.0604
1980-01-25 21:00:00,-62.78,-81.71,-43.44,0.1169,0.7373,0.0588
1980-01-25 22:00:00,-59.02,-82.81,-39.58,0.1255,0.7601,0.0597
1980-01-25 23:00:00,-55.9,-80.13,-36.05,0.1337,0.7562,0.0598
1980-01-26 00:00:00,-53.35,-75.72,-37.52,0.1447,0.7688,0.0609
1980-01-26 01:00:00,-52.4,-74.23,-35.78,0.1608,0.7763,0.0665
1980-01-26 02:00:00,-52.44,-71.48,-34.04,0.1699,0.7928,0.0726
1980-01-26 03:00:00,-53.29,-70.49,-33.11,0.1744,0.8021,0.0825
1980-01-26 04:00:00,-55.23,-72.36,-32.11,0.1736,0.799,0.0925
1980-01-26 05:00:00,-60.22,-76.63,-32.89,0.181,0.802,0.0998
1980-01-26 06:00:00,-65.41,-81.09,-37.42,0.1978,0.8016,0.1116
1980-01-26 07:00:00,-68.16,-83.09,-42.86,0.2195,0.8139,0.1263
1980-01-26 08:00:00,-69.53,-84.24,-46.0,0.2819,0.8276,0.1665
1980-01-26 09:00:00,-70.82,-84.47,-48.08,0.3435,0.8975,0.2262
1980-01-26 10:00:00,-71.82,-84.55,-48.91,0.3669,0.9258,0.3059
1980-01-26 11:00:00,-71.33,-84.61,-49.33,0.4835,0.9298,0.4126
1980-01-26 12:00:00,-70.15,-82.88,-49.59,0.4849,0.9168,0.4403
1980-01-26 13:00:00,-68.93,-80.8,-49.25,0.4334,0.8921,0.4293
1980-01-26 14:00:00,-68.32,-78.82,-48.99,0.3395,0.8625,0.4075
1980-01-26 15:00:00,-68.78,-78.26,-49.23,0.1947,0.7905,0.3469
1980-01-26 16:00:00,-71.22,-80.6,-51.9,0.218,0.6814,0.213
1980-01-26 17:00:00,-72.01,-84.88,-54.28,0.2935,0.7176,0.1928
1980-01-26 18:00:00,-70.58,-85.79,-54.13,0.3196,0.7778,0.2543
1980-01-26 19:00:00,-66.97,-82.48,-52.24,0.3165,0.8127,0.3069
1980-01-26 20:00:00,-64.03,-79.15,-49.45,0.3029,0.8143,0.3317
1980-01-26 21:00:00,-62.21,-79.54,-45.92,0.286,0.7958,0.3464
1980-01-26 22:00:00,-58.45,-80.63,-42.06,0.2827,0.7567,0.3508
1980-01-26 23:00:00,-55.33,-77.95,-38.53,0.283,0.7312,0.392
1980-01-27 00:00:00,-51.99,-65.57,-36.34,0.2912,0.7142,0.4137
1980-01-27 01:00:00,-51.04,-64.08,-34.6,0.309,0.6883,0.4282
1980-01-27 02:00:00,-51.08,-61.32,-32.86,0.3282,0.6712,0.421
1980-01-27 03:00:00,-51.92,-60.34,-31.92,0.3542,0.6602,0.4132
1980-01-27 04:00:00,-53.87,-62.21,-30.93,0.3859,0.66,0.4573
1980-01-27 05:00:00,-58.86,-66.47,-31.7,0.4075,0.6528,0.4729
1980-01-27 06:00:00,-64.05,-70.93,-36.24,0.4219,0.6548,0.4457
1980-01-27 07:00:00,-66.79,-72.94,-41.67,0.4276,0.6704,0.4403
1980-01-27 08:00:00,-68.17,-74.09,-44.82,0.4723,0.6663,0.4507
1980-01-27 09:00:00,-69.46,-74.31,-46.89,0.4567,0.7357,0.4831
1980-01-27 10:00:00,-70.45,-74.39,-47.72,0.4002,0.7747,0.5259
1980-01-27 11:00:00,-69.97,-74.46,-48.14,0.3718,0.84,0.5828
1980-01-27 12:00:00,-68.79,-72.73,-48.4,0.3141,0.84,0.6162
1980-01-27 13:00:00,-67.56,-70.65,-48.06,0.272,0.8229,0.5749
1980-01-27 14:00:00,-66.96,-68.66,-47.8,0.2126,0.7777,0.5117
1980-01-27 15:00:00,-67.41,-68.1,-48.05,0.1734,0.6614,0.4457
1980-01-27 16:00:00,-69.85,-70.45,-50.71,0.1979,0.639,0.3664
1980-01-27 17:00:00,-70.65,-74.72,-53.1,0.2284,0.6988,0.3119
1980-01-27 18:00:00,-69.22,-75.63,-52.95,0.2268,0.7159,0.3149
1980-01-27 19:00:00,-65.61,-72.33,-51.06,0.2112,0.6886,0.3403
1980-01-27 20:00:00,-62.67,-68.99,-48.26,0.1928,0.6249,0.3516
1980-01-27 21:00:00,-60.84,-69.38,-44.73,0.1781,0.5574,0.3666
1980-01-27 22:00:00,-57.09,-70.48,-40.87,0.1735,0.5065,0.3684
1980-01-27 23:00:00,-53.97,-67.8,-37.34,0.1715,0.4362,0.3833
1980-01-28 00:00:00,-43.52,-58.97,-33.08,0.1709,0.3897,0.3992
1980-01-28 01:00:00,-42.56,-57.48,-31.34,0.1693,0.3355,0.4058
1980-01-28 02:00:00,-42.61,-54.73,-29.59,0.1717,0.3095,0.3956
1980-01-28 03:00:00,-43.45,-53.74,-28.66,0.1783,0.2988,0.3927
1980-01-28 04:00:00,-45.4,-55.61,-27.67,0.1939,0.2996,0.3903
1980-01-28 05:00:00,-50.39,-59.88,-28.44,0.2143,0.3119,0.3707
1980-01-28 06:00:00,-55.58,-64.34,-32.97,0.235,0.3164,0.3572
1980-01-28 07:00:00,-58.32,-66.34,-38.41,0.2488,0.319,0.3325
1980-01-28 08:00:00,-59.7,-67.49,-41.55,0.2942,0.3261,0.3432
1980-01-28 09:00:00,-60.99,-67.72,-43.63,0.303,0.3491,0.3781
1980-01-28 10:00:00,-61.98,-67.8,-44.46,0.2575,0.378,0.4083
1980-01-28 11:00:00,-61.5,-67.86,-44.88,0.2465,0.3973,0.426
1980-01-28 12:00:00,-60.32,-66.13,-45.14,0.2471,0.4587,0.4559
1980-01-28 13:00:00,-59.09,-64.05,-44.8,0.2329,0.51,0.4841
1980-01-28 14:00:00,-58.49,-62.07,-44.54,0.1954,0.4986,0.4883
1980-01-28 15:00:00,-58.94,-61.51,-44.79,0.1607,0.429,0.4466
1980-01-28 16:00:00,-61.38,-63.85,-47.45,0.2167,0.3679,0.3049
1980-01-28 17:00:00,-62.18,-68.13,-49.83,0.3125,0.3774,0.1076
1980-01-28 18:00:00,-60.75,-69.04,-49.68,0.3547,0.381,0.1098
1980-01-28 19:00:00,-57.14,-65.73,-47.79,0.3749,0.3834,0.1197
1980-01-28 20:00:00,-54.2,-62.4,-45.0,0.3799,0.3684,0.1288
1980-01-28 21:00:00,-52.37,-62.79,-41.47,0.3942,0.3777,0.1312
1980-01-28 22:00:00,-48.62,-63.88,-37.61,0.4117,0.3736,0.1239
1980-01-28 23:00:00,-45.5,-61.2,-34.08,0.4158,0.3756,0.1387
1980-01-29 00:00:00,-38.62,-56.49,-32.26,0.3978,0.3648,0.149
1980-01-29 01:00:00,-37.67,-55.01,-30.52,0.3763,0.3277,0.1566
1980-01-29 02:00:00,-37.72,-52.25,-28.78,0.376,0.3342,0.1576
1980-01-29 03:00:00,-38.56,-51.26,-27.85,0.3638,0.3473,0.153
1980-01-29 04:00:00,-40.51,-53.13,-26.85,0.3847,0.3384,0.1622
1980-01-29 05:00:00,-45.49,-57.4,-27.62,0.4314,0.3337,0.1581
1980-01-29 06:00:00,-50.69,-61.86,-32.16,0.4556,0.3222,0.1483
1980-01-29 07:00:00,-53.43,-63.87,-37.6,0.4752,0.3032,0.138
1980-01-29 08:00:00,-54.8,-65.02,-40.74,0.5414,0.282,0.1451
1980-01-29 09:00:00,-56.1,-65.24,-42.81,0.5598,0.3019,0.1752
1980-01-29 10:00:00,-57.09,-65.32,-43.65,0.5123,0.3124,0.1887
1980-01-29 11:00:00,-56.6,-65.38,-44.07,0.4725,0.3025,0.2501
1980-01-29 12:00:00,-55.42,-63.65,-44.32,0.5117,0.313,0.2992
1980-01-29 13:00:00,-54.2,-61.58,-43.99,0.4813,0.298,0.3355
1980-01-29 14:00:00,-53.59,-59.59,-43.73,0.3888,0.2629,0.3439
1980-01-29 15:00:00,-54.05,-59.03,-43.97,0.314,0.2438,0.3194
1980-01-29 16:00:00,-56.49,-61.38,-46.63,0.3072,0.2578,0.2446
1980-01-29 17:00:00,-57.28,-65.65,-49.02,0.33,0.2917,0.1915
1980-01-29 18:00:00,-55.85,-66.56,-48.87,0.321,0.3204,0.204
1980-01-29 19:00:00,-52.24,-63.26,-46.98,0.3025,0.3331,0.205
1980-01-29 20:00:00,-49.3,-59.92,-44.19,0.2836,0.3242,0.1818
1980-01-29 21:00:00,-47.48,-60.31,-40.66,0.2478,0.2986,0.1617
1980-01-29 22:00:00,-43.72,-61.41,-36.8,0.2303,0.2793,0.1693
1980-01-29 23:00:00,-40.6,-58.73,-33.26,0.2213,0.2446,0.1759
1980-01-30 00:00:00,-49.73,-59.15,-33.66,0.2267,0.2124,0.1769
1980-01-30 01:00:00,-48.78,-57.66,-31.92,0.2429,0.2042,0.1759
1980-01-30 02:00:00,-48.82,-54.9,-30.17,0.2746,0.196,0.1802
1980-01-30 03:00:00,-49.67,-53.91,-29.24,0.311,0.1747,0.1751
1980-01-30 04:00:00,-51.61,-55.78,-28.25,0.3667,0.1596,0.1494
1980-01-30 05:00:00,-56.6,-60.05,-29.02,0.4346,0.1744,0.1359
1980-01-30 06:00:00,-61.79,-64.51,-33.55,0.4972,0.2192,0.1302
1980-01-30 07:00:00,-64.54,-66.52,-38.99,0.5252,0.2585,0.1238
1980-01-30 08:00:00,-65.91,-67.67,-42.13,0.5747,0.3057,0.1418
1980-01-30 09:00:00,-67.2,-67.89,-44.21,0.5791,0.3947,0.157
1980-01-30 10:00:00,-68.2,-67.97,-45.04,0.5879,0.4358,0.1683
1980-01-30 11:00:00,-67.71,-68.03,-45.46,0.5932,0.476,0.2101
1980-01-30 12:00:00,-66.53,-66.31,-45.72,0.612,0.5326,0.2474
1980-01-30 13:00:00,-65.31,-64.23,-45.38,0.5987,0.5733,0.2701
1980-01-30 14:00:00,-64.7,-62.24,-45.12,0.5992,0.5683,0.2741
1980-01-30 15:00:00,-65.16,-61.68,-45.37,0.5541,0.5784,0.2556
1980-01-30 16:00:00,-67.6,-64.03,-48.03,0.5431,0.5766,0.1902
1980-01-30 17:00:00,-68.39,-68.3,-50.42,0.5503,0.6039,0.1266
1980-01-30 18:00:00,-66.96,-69.21,-50.26,0.5552,0.6491,0.1436
1980-01-30 19:00:00,-63.35,-65.91,-48.38,0.5525,0.6852,0.1589
1980-01-30 20:00:00,-60.41,-62.57,-45.58,0.5408,0.7201,0.1686
1980-01-30 21:00:00,-58.59,-62.96,-42.05,0.5168,0.7592,0.1796
1980-01-30 22:00:00,-54.83,-64.06,-38.19,0.4712,0.7857,0.1811
1980-01-30 23:00:00,-51.71,-61.38,-34.66,0.4189,0.8039,0.184
1980-01-31 00:00:00,-51.58,-58.35,-33.1,0.363,0.8038,0.1957
1980-01-31 01:00:00,-50.63,-56.86,-31.36,0.3113,0.8209,0.1951
1980-01-31 02:00:00,-50.68,-54.11,-29.62,0.2671,0.8086,0.1811
1980-01-31 03:00:00,-51.52,-53.12,-28.69,0.2343,0.7952,0.1641
1980-01-31 04:00:00,-53.46,-54.99,-27.69,0.2178,0.8103,0.1435
1980-01-31 05:00:00,-58.45,-59.26,-28.47,0.1975,0.8279,0.1267
1980-01-31 06:00:00,-63.65,-63.72,-33.0,0.1877,0.8422,0.1179
1980-01-31 07:00:00,-66.39,-65.72,-38.44,0.1676,0.8494,0.111
1980-01-31 08:00:00,-67.76,-66.87,-41.58,0.1509,0.846,0.1276
1980-01-31 09:00:00,-69.06,-67.1,-43.66,0.1322,0.8479,0.1516
1980-01-31 10:00:00,-70.05,-67.18,-44.49,0.1219,0.8518,0.1786
1980-01-31 11:00:00,-69.56,-67.24,-44.91,0.0915,0.8485,0.2184
1980-01-31 12:00:00,-68.38,-65.51,-45.17,0.0713,0.8035,0.2508
1980-01-31 13:00:00,-67.16,-63.44,-44.83,0.0595,0.743,0.2634
1980-01-31 14:00:00,-66.55,-61.45,-44.57,0.0483,0.6671,0.2576
1980-01-31 15:00:00,-67.01,-60.89,-44.81,0.0446,0.5416,0.2228
1980-01-31 16:00:00,-69.45,-63.24,-47.48,0.0545,0.4405,0.114
1980-01-31 17:00:00,-70.24,-67.51,-49.86,0.064,0.3608,0.0471
1980-01-31 18:00:00,-68.81,-68.42,-49.71,0.0662,0.3346,0.0522
1980-01-31 19:00:00,-65.2,-65.12,-47.82,0.0644,0.3327,0.056
1980-01-31 20:00:00,-62.26,-61.78,-45.03,0.0643,0.3159,0.0627
1980-01-31 21:00:00,-60.44,-62.17,-41.5,0.0657,0.3071,0.0706
1980-01-31 22:00:00,-56.68,-63.27,-37.64,0.0697,0.2993,0.0769
1980-01-31 23:00:00,-53.56,-60.59,-34.11,0.075,0.2893,0.0807
